{
  "total_balance": [
    9500.0,
    10790.917675781251
  ],
  "total_free_margin": [
    9059.926416015625,
    10790.917675781251
  ],
  "total_equity": [
    9469.194580078125,
    10876.268115234376
  ],
  "total_buy_options": [
    0.0,
    1.05
  ],
  "total_sell_options": [
    0.0,
    1.05
  ],
  "sell_count": [
    0.0,
    7588.35
  ],
  "buy_count": [
    0.0,
    7901.25
  ],
  "start_hf": [
    0.0,
    0.09206680543720723
  ],
  "hold_fct": [
    -0.9480166733264923,
    0.0
  ],
  "start_port": [
    -138.94667587280273,
    175.97842025756836
  ],
  "top_eqr": [
    0.047500000707805155,
    0.6261629462242126
  ],
  "btm_eqr": [
    -0.2832641899585724,
    0.08448039181530476
  ],
  "check_bet": [
    0.0,
    594.2429626464844
  ],
  "check_eqr": [
    -0.25115633606910703,
    0.38570483922958376
  ],
  "action_factor": [
    -0.95,
    1.05
  ],
  "start_risk_ratio": [
    0.0,
    0.06299999859184027
  ],
  "start_bet": [
    0.0,
    594.2429626464844
  ],
  "hf": [
    0.0,
    0.09206680543720723
  ],
  "end_port": [
    -82.13041801452637,
    139.6418128967285
  ],
  "reward_port": [
    -20.251336097717285,
    53.58343334197998
  ],
  "rwp": [
    -0.14845678061246873,
    0.3271520555019379
  ],
  "holdings": [
    0.0,
    0.029091813415288926
  ],
  "pr": [
    0.0,
    0.0
  ],
  "total_rw": [
    -0.40241010785102843,
    0.8636697381734848
  ],
  "risk_penalty": [
    0.0,
    1.05
  ],
  "end_bet": [
    0.0,
    594.2429626464844
  ],
  "bet": [
    0.0,
    594.2429626464844
  ],
  "eqr": [
    -0.14845678061246873,
    0.3271520555019379
  ],
  "erw": [
    -0.95,
    1.05
  ],
  "sc_per": [
    0.0,
    0.5144964426755906
  ],
  "bc_per": [
    0.0,
    0.5356081992387772
  ],
  "count_dist": [
    0.0,
    1.05
  ],
  "trade_bias": [
    0.0,
    0.02121643563732505
  ],
  "pos_rw": [
    -0.95,
    1.05
  ],
  "reward": [
    0.0,
    9188.013720703126
  ],
  "reward2": [
    0.0,
    9763.31630859375
  ],
  "lifespan": [
    0.0,
    44.1
  ],
  "percent_positive": [
    0.0,
    1.05
  ],
  "percent_negative": [
    0.0,
    0.0
  ],
  "target_tier": [
    0.0,
    2.1
  ],
  "avg_check_eqr": [
    -0.0860250886529684,
    0.19045582562685012
  ],
  "recent_losses": [
    0.0,
    2.1
  ]
}