{
  "total_balance": [
    9500.0,
    10860.1869140625
  ],
  "total_free_margin": [
    9034.085302734375,
    10860.1869140625
  ],
  "total_equity": [
    9498.136181640624,
    10919.039208984375
  ],
  "total_buy_options": [
    0.0,
    1.05
  ],
  "total_sell_options": [
    0.0,
    1.05
  ],
  "sell_count": [
    0.0,
    2992.5
  ],
  "buy_count": [
    0.0,
    3142.65
  ],
  "start_hf": [
    0.0,
    0.10960333831608296
  ],
  "hold_fct": [
    -0.9480166733264923,
    0.0
  ],
  "start_port": [
    -76.87649154663086,
    269.7572021484375
  ],
  "top_eqr": [
    -0.015609648264944553,
    0.8082040160894395
  ],
  "btm_eqr": [
    -0.3656161025166511,
    -0.019514838885515928
  ],
  "check_bet": [
    0.0,
    634.079965209961
  ],
  "check_eqr": [
    -0.18588581457734107,
    0.5348983615636825
  ],
  "action_factor": [
    -0.95,
    1.05
  ],
  "start_risk_ratio": [
    0.0,
    0.06299999859184027
  ],
  "start_bet": [
    0.0,
    634.079965209961
  ],
  "hf": [
    0.0,
    0.10960333831608296
  ],
  "end_port": [
    -76.87649154663086,
    269.7572021484375
  ],
  "reward_port": [
    -35.452901649475095,
    110.32783355712891
  ],
  "rwp": [
    -0.12730306088924406,
    0.5348983615636825
  ],
  "holdings": [
    0.0,
    0.03601867631077767
  ],
  "pr": [
    0.0,
    0.0
  ],
  "total_rw": [
    -0.32057693153619765,
    1.3164757668972016
  ],
  "risk_penalty": [
    0.0,
    1.05
  ],
  "end_bet": [
    0.0,
    634.079965209961
  ],
  "bet": [
    0.0,
    634.079965209961
  ],
  "eqr": [
    -0.12730306088924406,
    0.5348983615636825
  ],
  "erw": [
    -0.95,
    1.05
  ],
  "sc_per": [
    0.0,
    0.5121512934565544
  ],
  "bc_per": [
    0.0,
    0.5380552053451538
  ],
  "count_dist": [
    0.0,
    1.05
  ],
  "trade_bias": [
    0.0,
    0.026110443938523534
  ],
  "pos_rw": [
    -0.95,
    1.05
  ],
  "reward": [
    0.0,
    2983.2427734375
  ],
  "reward2": [
    0.0,
    3399.2183715820315
  ],
  "lifespan": [
    0.0,
    52.5
  ],
  "percent_positive": [
    0.0,
    1.05
  ],
  "percent_negative": [
    0.0,
    0.0
  ],
  "target_tier": [
    0.0,
    2.1
  ],
  "avg_check_eqr": [
    -0.06901684924960136,
    0.23710856437683106
  ],
  "recent_losses": [
    0.0,
    3.1500000000000004
  ],
  "vault": [
    0.0,
    274.67779541015625
  ]
}